{
  "publicPath": "/public/",
  "all": [
    "0.c4f0424dc68fbea53373.js",
    "1.974474e05aa3b8559d55.js",
    "vendor.581b69d5d036cb713554.js",
    "app.b62a1bc864e259e6d141.js",
    "manifest.2b9115cd2d9ae5bbd0c7.js"
  ],
  "initial": [
    "manifest.2b9115cd2d9ae5bbd0c7.js",
    "vendor.581b69d5d036cb713554.js",
    "app.b62a1bc864e259e6d141.js"
  ],
  "async": [
    "0.c4f0424dc68fbea53373.js",
    "1.974474e05aa3b8559d55.js"
  ],
  "modules": {
    "53869860": [
      2
    ],
    "00878efe": [
      2
    ],
    "3972c0ea": [
      2
    ],
    "6a6e1a45": [
      2
    ],
    "142b348b": [
      2
    ],
    "67eae5c2": [
      2
    ],
    "268b3b35": [
      2
    ],
    "82e848b4": [
      2
    ],
    "01c9e2d0": [
      2
    ],
    "3a2fdd48": [
      2
    ],
    "9219bc36": [
      2
    ],
    "c53bcb80": [
      2
    ],
    "7d4faf60": [
      2
    ],
    "7cb266fa": [
      2
    ],
    "6dbdf9a0": [
      2
    ],
    "0959ddb0": [
      2
    ],
    "2356e83e": [
      2
    ],
    "52afdf3d": [
      2
    ],
    "2786fa15": [
      2
    ],
    "08d6efef": [
      2
    ],
    "50880b4d": [
      2
    ],
    "c862f736": [
      2
    ],
    "28930fa6": [
      2
    ],
    "7b0cd518": [
      2
    ],
    "731365a4": [
      2
    ],
    "3a0c90ea": [
      2
    ],
    "07daf21a": [
      2
    ],
    "1a98a2db": [
      2
    ],
    "34e010b1": [
      2
    ],
    "7b3236b9": [
      2
    ],
    "4c5bf8fa": [
      2
    ],
    "7e038608": [
      2
    ],
    "b7dd38ee": [
      2
    ],
    "6be7fa10": [
      2
    ],
    "5e223fbe": [
      2
    ],
    "eb507f02": [
      2
    ],
    "4c8f0881": [
      2
    ],
    "5435fac2": [
      2
    ],
    "e3fbbf5c": [
      2
    ],
    "3b3f2d59": [
      2
    ],
    "408c248c": [
      2
    ],
    "44c15102": [
      3
    ],
    "360fa4d8": [
      3
    ],
    "54335dd9": [
      2
    ],
    "6b84bf9e": [
      2
    ],
    "3a20af13": [
      3
    ],
    "5faeb50e": [
      3
    ],
    "27fb39c3": [
      3
    ],
    "69d255b0": [
      3
    ],
    "5e4c10bd": [
      3
    ],
    "39b77e3b": [
      3
    ],
    "5c016c43": [
      2
    ],
    "7bcfc383": [
      2
    ],
    "456155ce": [
      2
    ],
    "e204cb8a": [
      2
    ],
    "f0860a96": [
      2
    ],
    "6d2b1836": [
      2
    ],
    "2fc0906e": [
      2
    ],
    "0227b22d": [
      2
    ],
    "fde868e8": [
      2
    ],
    "046118a2": [
      2
    ],
    "2edd3f5b": [
      2
    ],
    "01b080f7": [
      2
    ],
    "876343ce": [
      2
    ],
    "298ba312": [
      2
    ],
    "701f75c9": [
      2
    ],
    "1dca36e1": [
      2
    ],
    "72a948c0": [
      2
    ],
    "2200540b": [
      2
    ],
    "271d0c6c": [
      2
    ],
    "7d133248": [
      2
    ],
    "3ac447b0": [
      2
    ],
    "188d7102": [
      2
    ],
    "ce109154": [
      2
    ],
    "d18816ce": [
      2
    ],
    "5a65bffb": [
      2
    ],
    "edf11508": [
      2
    ],
    "756d710f": [
      2
    ],
    "8682f9be": [
      2
    ],
    "192d00d1": [
      2
    ],
    "9ab62cfc": [
      2
    ],
    "35d19874": [
      2
    ],
    "c2bc85de": [
      2
    ],
    "591c47ee": [
      2
    ],
    "2d127144": [
      2
    ],
    "07c6f998": [
      2
    ],
    "454b81f3": [
      2
    ],
    "0156e494": [
      3
    ],
    "a0fc4692": [
      2
    ],
    "381a0340": [
      2
    ],
    "736194ed": [
      2
    ],
    "278d5fa8": [
      2
    ],
    "054feb78": [
      2
    ],
    "42839dd9": [
      3
    ],
    "4c2cd74e": [
      3
    ],
    "27b37828": [
      3
    ],
    "7f6a536d": [
      3
    ],
    "0d6fd9db": [
      2
    ],
    "2f3076f6": [
      3
    ],
    "33104e75": [
      2
    ],
    "c60f5860": [
      2
    ],
    "48cb6260": [
      2
    ],
    "1ee3ef0c": [
      2
    ],
    "0e1af257": [
      2
    ],
    "b8e1df8a": [
      3
    ],
    "34139c46": [
      1
    ],
    "08cc8664": [
      0
    ],
    "562b390e": [
      0
    ],
    "454b97ef": [
      1
    ]
  }
}